{
  "project_info": {
    "project_number": "751067728945",
    "firebase_url": "https://aquaapp-4be73.firebaseio.com",
    "project_id": "aquaapp-4be73",
    "storage_bucket": "aquaapp-4be73.appspot.com"
  },
  "client": [
    {
      "client_info": {
        "mobilesdk_app_id": "1:751067728945:android:cc7b9fc6b26b8831",
        "android_client_info": {
          "package_name": "de.eis.muellerkimmeyer.aquaapp"
        }
      },
      "oauth_client": [
        {
          "client_id": "751067728945-dn90q9omnejv4vucbj9dpudfm60l2nl3.apps.googleusercontent.com",
          "client_type": 1,
          "android_info": {
            "package_name": "de.eis.muellerkimmeyer.aquaapp",
            "certificate_hash": "A70B9291823A9B6F7071E7F99DD26C06482FA6F9"
          }
        },
        {
          "client_id": "751067728945-sblkebisnseboc4mln05j7u4ceu5oruk.apps.googleusercontent.com",
          "client_type": 3
        }
      ],
      "api_key": [
        {
          "current_key": "AIzaSyDSqsQrKwlK90zUtRS935MO59W-elBd6WM"
        }
      ],
      "services": {
        "analytics_service": {
          "status": 1
        },
        "appinvite_service": {
          "status": 2,
          "other_platform_oauth_client": [
            {
              "client_id": "751067728945-sblkebisnseboc4mln05j7u4ceu5oruk.apps.googleusercontent.com",
              "client_type": 3
            }
          ]
        },
        "ads_service": {
          "status": 2
        }
      }
    }
  ],
  "configuration_version": "1"
}